{
   "packages":[
      {
         "name":"raspi",
         "maintainer":"KNYSYSAugust",
         "websiteURL":"www.knysys.com",
         "email":" ",
         "help":{
            "online":"www.knysys.com"
         },
         "platforms":[
            {
               "name": "RaspberryPi2",
               "architecture": "avr",
               "version": "1.0",
               "category": "Arduino",
               "url": "https://github.com/yasir1brahim/RasPiArduino/archive/master.zip",
               "archiveFileName": "RasPiArduino-master.zip",
               "checksum": "SHA-256:00a47cad03219577f9ea03b9ef83182c1bf475d155690d976bbe91d46b59796e",
               "size": "1664836",
               "help":{
                  "online":" "
               },
               "boards": [
                  {
                     "name": "RasPi2"
                  }
               ],
              "toolsDependencies": [
                {
                  "packager": "arduino",
                  "name": "avr-gcc",
                  "version": "4.8.1-arduino5"
                },
                {
                  "packager": "arduino",
                  "name": "avrdude",
                  "version": "6.0.1-arduino5"
                }
              ]
            }
         ],

         "tools":[
         ]
      }
   ]
}
