{
   "packages":[
      {
         "name":"Raspi2",
         "maintainer":"KNYSYSLLC",
         "websiteURL":"www.knysys.com",
         "email":" ",
         "help":{
            "online":"www.knysys.com"
         },
         "platforms":[
            {
               "name": "RaspberryPi2",
		"architecture": "avr",
 +             "version": "1.0",
               "category": "Arduino",
               "url": "https://raw.githubusercontent.com/yasir1brahim/RasPiArduino/master/piduino.zip",
               "archiveFileName": "RasPiArduino-master.zip",
               "checksum": "SHA-256:7b8eceea6a6249cfc43b5074cdd306bedc84949d306b7521a64457cddf451501",
               "size": "82080939",
               "help":{
                  "online":" "
               },
               "boards": [
                  {
                     "name": "RasPi2"
                  }
               ],
              "toolsDependencies": [
                {
                  "packager": "arduino",
                  "name": "avr-gcc",
                  "version": "4.8.1-arduino5"
                },
                {
                  "packager": "arduino",
                  "name": "avrdude",
                  "version": "6.0.1-arduino5"
                }
              ]
            }
         ],

         "tools":[
         ]
      }
   ]
}
