{
   "packages":[
      {
         "name":"Raspi2",
         "maintainer":"KNYSYSLLC",
         "websiteURL":"www.knysys.com",
         "email":" ",
         "help":{
            "online":"www.knysys.com"
         },
         "platforms":[
            {
               "name": "RaspberryPi2",
		"architecture": "avr",
 	       "version": "1.0",
               "category": "Arduino",
               "url": "https://raw.githubusercontent.com/yasir1brahim/RasPiArduino/master/piduino.zip",
               "archiveFileName": "RasPiArduino-master.zip",
               "checksum": "SHA-256:dca914a8f0ecee7ffe24d326b5dede13bf6bb61fd57b567964986a92b4ea0ce0",
               "size": "82080953",
               "help":{
                  "online":" "
               },
               "boards": [
                  {
                     "name": "RasPi2"
                  }
               ],
              "toolsDependencies": [
                {
                  "packager": "arduino",
                  "name": "avr-gcc",
                  "version": "4.8.1-arduino5"
                },
                {
                  "packager": "arduino",
                  "name": "avrdude",
                  "version": "6.0.1-arduino5"
                }
              ]
            }
         ],

         "tools":[
         		{
			"host": "arm-linux-gnueabihf",
			"url": "https://github.com/me-no-dev/RasPiArduino/releases/download/0.0.1/arm-linux-gnueabihf-linux64.tar.gz",
			"archiveFileName": "arm-linux-gnueabihf-linux64.tar.gz",
			"checksum": "SHA-256:952284010ca70ffe831998ac023569b9766df52948169e03a09a28dc2fcc3a93",
			"size": "91750155"
			}
         ]
      }
   ]
}
